State	Hour	Total_Accidents
CA	00	1717
CA	01	1344
CA	02	1360
CA	03	1101
CA	04	962
CA	05	1013
CA	06	918
CA	07	1427
CA	08	2127
CA	09	3573
CA	10	4914
CA	11	5332
CA	12	4194
CA	13	3647
CA	14	3734
CA	15	3376
CA	16	3884
CA	17	3774
CA	18	4665
CA	19	5055
CA	20	5436
CA	21	3554
CA	22	2663
CA	23	1404
CT	01	11
CT	02	7
CT	03	6
CT	04	16
CT	05	43
CT	06	106
CT	07	216
CT	08	233
CT	09	94
CT	10	67
CT	11	79
CT	12	74
CT	13	68
CT	14	86
CT	15	105
CT	16	110
CT	17	117
CT	18	69
CT	19	41
CT	20	30
CT	21	20
CT	22	17
CT	23	3
DC	04	3
DC	05	15
DC	06	35
DC	07	44
DC	08	41
DC	09	26
DC	10	15
DC	11	12
DC	12	2
DC	13	5
DC	14	14
DC	15	13
DC	16	11
DC	17	6
DC	18	6
DC	19	3
DC	20	6
DC	21	3
DC	22	1
DE	04	1
DE	06	2
DE	07	4
DE	08	3
DE	09	2
DE	11	2
DE	12	6
DE	13	3
DE	14	2
DE	16	3
DE	17	3
DE	18	3
DE	19	2
DE	20	1
DE	21	2
FL	00	2
FL	01	2
FL	02	5
FL	03	3
FL	04	363
FL	05	463
FL	06	1347
FL	07	2401
FL	08	2567
FL	09	1695
FL	10	1647
FL	11	1520
FL	12	1478
FL	13	727
FL	14	877
FL	15	573
FL	16	936
FL	17	891
FL	18	600
FL	19	748
FL	20	560
FL	21	182
FL	22	179
FL	23	10
GA	03	2
GA	04	128
GA	05	175
GA	06	514
GA	07	770
GA	08	701
GA	09	491
GA	10	492
GA	11	410
GA	12	529
GA	13	401
GA	14	357
GA	15	469
GA	16	461
GA	17	385
GA	18	445
GA	19	226
GA	20	208
GA	21	131
GA	22	84
IA	00	1
IA	04	2
IA	05	11
IA	06	15
IA	07	41
IA	08	86
IA	09	63
IA	10	41
IA	11	41
IA	12	31
IA	13	34
IA	14	27
IA	15	26
IA	16	41
IA	17	159
IA	18	182
IA	19	37
IA	20	14
IA	21	13
IA	22	12
IL	00	14
IL	01	17
IL	02	17
IL	03	20
IL	04	21
IL	05	88
IL	06	166
IL	07	399
IL	08	702
IL	09	672
IL	10	432
IL	11	379
IL	12	325
IL	13	350
IL	14	372
IL	15	245
IL	16	406
IL	17	592
IL	18	451
IL	19	486
IL	20	232
IL	21	62
IL	22	41
IL	23	11
IN	04	1
IN	09	1
IN	10	2
IN	13	1
IN	14	3
IN	16	2
IN	17	3
IN	18	1
IN	19	2
IN	20	1
IN	22	1
KY	10	1
KY	14	1
KY	17	1
KY	19	1
MA	02	1
MA	04	51
MA	05	159
MA	06	388
MA	07	551
MA	08	486
MA	09	372
MA	10	255
MA	11	245
MA	12	51
MA	13	85
MA	14	81
MA	15	102
MA	16	154
MA	17	141
MA	18	84
MA	19	49
MA	20	40
MA	21	18
MA	22	10
MD	04	58
MD	05	200
MD	06	454
MD	07	497
MD	08	451
MD	09	333
MD	10	243
MD	11	237
MD	12	192
MD	13	181
MD	14	200
MD	15	164
MD	16	181
MD	17	231
MD	18	175
MD	19	116
MD	20	95
MD	21	48
MD	22	37
MI	00	30
MI	01	88
MI	02	79
MI	03	68
MI	04	175
MI	05	195
MI	06	441
MI	07	842
MI	08	869
MI	09	503
MI	10	482
MI	11	474
MI	12	410
MI	13	329
MI	14	431
MI	15	803
MI	16	881
MI	17	835
MI	18	653
MI	19	462
MI	20	369
MI	21	255
MI	22	268
MI	23	31
MO	04	1
MO	05	16
MO	06	20
MO	07	73
MO	08	106
MO	09	104
MO	10	49
MO	11	44
MO	12	35
MO	13	31
MO	14	18
MO	15	15
MO	16	40
MO	17	50
MO	18	46
MO	19	46
MO	20	14
MO	21	23
MO	22	14
MO	23	13
NE	00	5
NE	04	3
NE	05	49
NE	06	50
NE	07	169
NE	08	497
NE	09	383
NE	10	158
NE	11	176
NE	12	166
NE	13	159
NE	14	172
NE	15	191
NE	16	283
NE	17	418
NE	18	397
NE	19	116
NE	20	63
NE	21	11
NE	22	6
NE	23	1
NH	00	1
NH	04	2
NH	05	2
NH	06	4
NH	07	6
NH	08	5
NH	09	4
NH	10	5
NH	11	2
NH	12	7
NH	13	3
NH	14	5
NH	15	1
NH	16	1
NH	17	5
NH	18	2
NH	19	3
NH	20	1
NJ	00	20
NJ	01	11
NJ	02	16
NJ	03	17
NJ	04	60
NJ	05	87
NJ	06	216
NJ	07	355
NJ	08	444
NJ	09	288
NJ	10	207
NJ	11	206
NJ	12	74
NJ	13	141
NJ	14	168
NJ	15	144
NJ	16	214
NJ	17	166
NJ	18	106
NJ	19	105
NJ	20	53
NJ	21	39
NJ	22	20
NJ	23	24
NY	00	91
NY	01	63
NY	02	54
NY	03	64
NY	04	161
NY	05	270
NY	06	588
NY	07	836
NY	08	1068
NY	09	691
NY	10	631
NY	11	638
NY	12	352
NY	13	432
NY	14	475
NY	15	548
NY	16	697
NY	17	772
NY	18	475
NY	19	396
NY	20	274
NY	21	148
NY	22	104
NY	23	78
OH	00	2
OH	01	1
OH	03	1
OH	04	83
OH	05	120
OH	06	305
OH	07	697
OH	08	647
OH	09	328
OH	10	299
OH	11	338
OH	12	199
OH	13	226
OH	14	252
OH	15	292
OH	16	323
OH	17	356
OH	18	286
OH	19	101
OH	20	73
OH	21	32
OH	22	31
OH	23	1
OR	07	3
OR	08	2
OR	09	5
OR	10	3
OR	11	3
OR	13	3
OR	14	6
OR	18	1
OR	19	1
OR	20	2
OR	21	1
PA	00	1
PA	02	1
PA	04	147
PA	05	254
PA	06	685
PA	07	1235
PA	08	1277
PA	09	851
PA	10	837
PA	11	865
PA	12	581
PA	13	686
PA	14	812
PA	15	670
PA	16	934
PA	17	991
PA	18	608
PA	19	547
PA	20	416
PA	21	134
PA	22	122
PA	23	1
RI	03	1
RI	04	9
RI	05	9
RI	06	30
RI	07	57
RI	08	85
RI	09	36
RI	10	27
RI	11	36
RI	12	34
RI	13	23
RI	14	25
RI	15	52
RI	16	37
RI	17	43
RI	18	29
RI	19	17
RI	20	14
RI	21	7
RI	22	2
SC	00	1
SC	03	1
SC	04	36
SC	05	35
SC	06	62
SC	07	119
SC	08	91
SC	09	80
SC	10	99
SC	11	109
SC	12	67
SC	13	112
SC	14	103
SC	15	100
SC	16	105
SC	17	113
SC	18	56
SC	19	97
SC	20	93
SC	21	18
SC	22	20
TX	00	24
TX	01	2
TX	02	10
TX	03	16
TX	04	24
TX	05	362
TX	06	470
TX	07	1728
TX	08	2499
TX	09	2926
TX	10	2120
TX	11	1839
TX	12	1650
TX	13	1538
TX	14	1710
TX	15	1199
TX	16	1529
TX	17	2366
TX	18	2561
TX	19	1714
TX	20	1570
TX	21	1173
TX	22	810
TX	23	439
VA	04	48
VA	05	98
VA	06	217
VA	07	311
VA	08	350
VA	09	272
VA	10	179
VA	11	142
VA	12	90
VA	13	104
VA	14	115
VA	15	192
VA	16	182
VA	17	163
VA	18	167
VA	19	185
VA	20	105
VA	21	36
VA	22	45
WA	00	111
WA	01	42
WA	02	44
WA	03	53
WA	04	111
WA	05	109
WA	06	81
WA	07	90
WA	08	103
WA	09	212
WA	10	367
WA	11	361
WA	12	202
WA	13	244
WA	14	266
WA	15	151
WA	16	223
WA	17	296
WA	18	264
WA	19	356
WA	20	417
WA	21	213
WA	22	105
WA	23	79
WI	06	1
WI	07	1
WI	08	3
WI	09	5
WI	10	4
WI	11	2
WI	12	1
WI	14	2
WI	15	1
WI	16	4
WI	19	3
WI	20	2
WV	01	1
WV	07	1
WV	08	1
WV	10	2
WV	11	1
WV	13	2
WV	17	1
WV	18	1
WV	20	1
