Weather_Condition	Total_Crashes	Average_Severity
Clear	86760	2.357
Cloudy	214	2.355
Drizzle	81	2.469
Fair	995	2.335
Fair / Windy	13	2.462
Fog	792	2.290
Haze	2212	2.443
Heavy Drizzle	10	2.600
Heavy Rain	534	2.446
Heavy Snow	86	2.593
Heavy Thunderstorms and Rain	123	2.455
Light Drizzle	466	2.393
Light Freezing Drizzle	26	2.500
Light Freezing Fog	20	2.400
Light Freezing Rain	97	2.619
Light Ice Pellets	23	2.783
Light Rain	8070	2.406
Light Rain Showers	11	2.182
Light Snow	1903	2.401
Light Thunderstorms and Rain	303	2.383
Mist	131	2.321
Mostly Cloudy	25821	2.385
Overcast	32254	2.352
Partly Cloudy	18568	2.384
Patches of Fog	93	2.419
Rain	1759	2.447
Rain Showers	19	2.316
Scattered Clouds	17679	2.385
Shallow Fog	106	2.321
Smoke	138	2.478
Snow	203	2.512
Thunderstorm	279	2.344
Thunderstorms and Rain	140	2.421
Widespread Dust	10	2.600
