State	Rank	Accident_ID	County	Duration_Mins	Severity	Weather
CA	#1	A-106732	Los Angeles	659.9	3	Clear
CA	#2	A-104724	Los Angeles	540.0	3	Clear
CA	#3	A-107120	San Diego	539.5	3	Overcast
CA	#4	A-42598	Sonoma	503.5	2	Clear
CA	#5	A-107126	San Diego	479.1	3	Overcast
CT	#1	A-197410	Fairfield	274.6	2	Clear
CT	#2	A-218544	New Haven	120.6	3	Haze
CT	#3	A-216802	Hartford	105.4	3	Clear
CT	#4	A-197828	New Haven	95.7	3	Clear
CT	#5	A-212758	Hartford	90.0	2	Clear
DC	#1	A-240858	District of Columbia	120.0	3	Light Rain
DC	#2	A-232926	District of Columbia	90.0	2	Mostly Cloudy
DC	#3	A-234436	District of Columbia	90.0	3	Overcast
DC	#4	A-251614	District of Columbia	90.0	2	Mostly Cloudy
DC	#5	A-252060	District of Columbia	90.0	2	Overcast
DE	#1	A-252736	New Castle	75.0	3	Clear
DE	#2	A-252780	New Castle	75.0	3	Scattered Clouds
DE	#3	A-253882	New Castle	60.0	2	Clear
DE	#4	A-257398	New Castle	60.0	3	Clear
DE	#5	A-379710	New Castle	60.0	3	Mostly Cloudy
FL	#1	A-141276	Pasco	195.0	2	Clear
FL	#2	A-141284	Pasco	195.0	3	Clear
FL	#3	A-118178	Miami-Dade	194.3	2	Fog
FL	#4	A-135578	Lee	181.4	2	Clear
FL	#5	A-135930	Hillsborough	180.0	3	Light Drizzle
GA	#1	A-154374	Laurens	1469.3	3	Scattered Clouds
GA	#2	A-154370	Laurens	1468.7	3	Scattered Clouds
GA	#3	A-154382	Emanuel	1335.8	3	Scattered Clouds
GA	#4	A-154392	Bulloch	1315.1	3	Mostly Cloudy
GA	#5	A-154388	Bulloch	1274.1	3	Scattered Clouds
IA	#1	A-160594	Pottawattamie	539.1	3	Mostly Cloudy
IA	#2	A-165066	Harrison	450.9	3	Overcast
IA	#3	A-364429	Johnson	360.0	3	Clear
IA	#4	A-364089	Pottawattamie	296.1	3	Clear
IA	#5	A-161836	Woodbury	200.2	3	Light Snow
IL	#1	A-178476	Cook	305.9	3	Mostly Cloudy
IL	#2	A-167300	Dupage	134.7	2	Overcast
IL	#3	A-176122	Lake	122.8	2	Partly Cloudy
IL	#4	A-366555	Dupage	90.8	2	Scattered Clouds
IL	#5	A-172338	DuPage	90.0	3	Overcast
IN	#1	A-192394	St. Joseph	75.0	3	Mostly Cloudy
IN	#2	A-167970	Lake	60.0	3	Clear
IN	#3	A-169510	Lake	60.0	3	Scattered Clouds
IN	#4	A-175040	Lake	60.0	3	Scattered Clouds
IN	#5	A-176746	Lake	60.0	3	Scattered Clouds
KY	#1	A-227878	Greenup	45.0	2	Overcast
KY	#2	A-376746	Boyd	29.8	2	Clear
KY	#3	A-376738	Boyd	29.5	2	Haze
KY	#4	A-377046	Greenup	29.2	2	Clear
MA	#1	A-214340	Middlesex	248.0	3	Scattered Clouds
MA	#2	A-194270	Middlesex	192.2	4	Light Rain
MA	#3	A-211936	Middlesex	120.0	2	Scattered Clouds
MA	#4	A-327671	Middlesex	120.0	3	Overcast
MA	#5	A-198544	Bristol	104.2	2	Clear
MD	#1	A-247666	Prince George's	353.1	3	Overcast
MD	#2	A-228554	Anne Arundel	298.6	3	Fog
MD	#3	A-237122	Anne Arundel	165.0	2	Mostly Cloudy
MD	#4	A-240910	Howard	150.0	2	Light Rain
MD	#5	A-251302	Baltimore County	123.3	2	Clear
MI	#1	A-186622	Genesee	1487.8	2	Clear
MI	#2	A-192466	Wayne	480.0	3	Partly Cloudy
MI	#3	A-369493	Eaton	327.5	3	Clear
MI	#4	A-190234	Genesee	307.0	3	Clear
MI	#5	A-189820	Wayne	285.0	2	Clear
MO	#1	A-175430	St. Louis County	90.0	3	Light Rain
MO	#2	A-175432	St. Louis County	90.0	3	Light Rain
MO	#3	A-175836	St. Louis County	90.0	3	Mostly Cloudy
MO	#4	A-177552	St. Louis County	90.0	3	Light Rain
MO	#5	A-169806	St. Louis County	75.0	2	Clear
NE	#1	A-363927	Sarpy	120.1	2	Clear
NE	#2	A-165558	Douglas	120.0	3	Overcast
NE	#3	A-165582	Douglas	105.0	2	Partly Cloudy
NE	#4	A-164582	Douglas	93.8	2	Clear
NE	#5	A-160364	Douglas	90.0	3	Scattered Clouds
NH	#1	A-208162	Hillsborough	75.0	2	Scattered Clouds
NH	#2	A-215406	Cheshire	75.0	2	Clear
NH	#3	A-219388	Hillsborough	75.0	2	Clear
NH	#4	A-220648	Hillsborough	75.0	2	Light Rain
NH	#5	A-212426	Hillsborough	74.8	2	Clear
NJ	#1	A-382636	Camden	295.4	2	Clear
NJ	#2	A-198282	Union	151.0	2	Light Rain
NJ	#3	A-202960	Bergen	150.0	2	Overcast
NJ	#4	A-220356	Middlesex	105.0	2	Clear
NJ	#5	A-260130	Mercer	105.0	3	Light Thunderstorms and Rain
NY	#1	A-220474	Westchester	5789.4	2	Clear
NY	#2	A-328435	Dutchess	371.1	3	Overcast
NY	#3	A-201938	Queens	300.0	3	Light Rain
NY	#4	A-218532	Westchester	256.7	2	Clear
NY	#5	A-213622	Queens	171.0	3	Mostly Cloudy
OH	#1	A-227300	Guernsey	1024.0	3	Overcast
OH	#2	A-92	Cuyahoga	871.0	3	Overcast
OH	#3	A-136	Franklin	826.0	3	Scattered Clouds
OH	#4	A-222	Summit	791.0	3	Haze
OH	#5	A-227384	Cuyahoga	762.0	3	Overcast
OR	#1	A-308813	Clatsop	60.0	2	Overcast
OR	#2	A-311743	Umatilla	60.0	2	Clear
OR	#3	A-313077	Columbia	60.0	2	Clear
OR	#4	A-307711	Columbia	59.7	2	Overcast
OR	#5	A-395755	Columbia	59.7	2	Light Rain
PA	#1	A-381960	York	254.1	3	Clear
PA	#2	A-381694	Dauphin	149.6	3	Snow
PA	#3	A-235130	Lebanon	149.4	3	Clear
PA	#4	A-254642	Franklin	135.0	3	Clear
PA	#5	A-253086	Bucks	120.0	3	Clear
RI	#1	A-214490	Kent	75.0	3	Partly Cloudy
RI	#2	A-214494	Kent	75.0	3	Clear
RI	#3	A-216818	Providence	75.0	2	Clear
RI	#4	A-217194	Providence	75.0	3	Clear
RI	#5	A-217266	Providence	75.0	2	Partly Cloudy
SC	#1	A-155570	Aiken	442.7	3	Overcast
SC	#2	A-155550	Newberry	247.7	2	Overcast
SC	#3	A-155548	Allendale	232.7	2	Clear
SC	#4	A-155480	Saluda	150.0	2	Scattered Clouds
SC	#5	A-154536	Aiken	124.6	2	Clear
TX	#1	A-303993	Dallas	403.6	3	Partly Cloudy
TX	#2	A-296395	Bexar	259.8	3	Scattered Clouds
TX	#3	A-305573	Bexar	242.7	2	Clear
TX	#4	A-306805	Harris	216.9	1	Clear
TX	#5	A-306687	Harris	213.6	2	Clear
VA	#1	A-382906	Loudoun	136.1	2	Clear
VA	#2	A-240638	Fairfax County	120.0	3	Partly Cloudy
VA	#3	A-242534	Alexandria City	120.0	2	Clear
VA	#4	A-234052	Loudoun	119.7	2	Mostly Cloudy
VA	#5	A-243844	Loudoun	113.0	2	Overcast
WA	#1	A-312891	Pierce	442.4	2	Clear
WA	#2	A-313143	King	278.4	3	Overcast
WA	#3	A-312893	Island	262.9	2	Cloudy
WA	#4	A-309117	King	239.7	2	Mostly Cloudy
WA	#5	A-308181	Pierce	165.9	2	Clear
WI	#1	A-178118	Kenosha	75.0	3	Clear
WI	#2	A-178126	Kenosha	75.0	3	Clear
WI	#3	A-167350	Kenosha	60.0	3	Overcast
WI	#4	A-170938	Kenosha	59.6	2	Clear
WI	#5	A-178816	Rock	59.1	3	Mostly Cloudy
WV	#1	A-244516	Berkeley	75.0	2	Light Rain
WV	#2	A-235892	Mineral	51.4	2	Clear
WV	#3	A-364	Putnam	45.0	2	Cloudy
WV	#4	A-252374	Berkeley	30.0	3	Clear
WV	#5	A-257818	Harrison	30.0	2	Clear
